<Backups xmlns="http://www.microsoft.com/GroupPolicy/GPOOperations/Manifest" xmlns:mfst="http://www.microsoft.com/GroupPolicy/GPOOperations/Manifest" mfst:version="1.0"><BackupInst><GPOGuid><![CDATA[{CA685671-825A-4ABA-A666-873636ECC64A}]]></GPOGuid><GPODomain><![CDATA[dental.bethesdasedationdentistry.com]]></GPODomain><GPODomainGuid><![CDATA[{6867cea2-0243-401e-a628-a0c4efe4071a}]]></GPODomainGuid><GPODomainController><![CDATA[eagleserver.dental.bethesdasedationdentistry.com]]></GPODomainController><BackupTime><![CDATA[2023-10-25T13:46:50]]></BackupTime><ID><![CDATA[{ED1F5F5C-4992-4213-BAA3-814B4EABC1F7}]]></ID><Comment><![CDATA[EagleSoft Endpoint Config v21+]]></Comment><GPODisplayName><![CDATA[EagleSoft Endpoint Config v21+]]></GPODisplayName></BackupInst></Backups>