<BackupInst xmlns="http://www.microsoft.com/GroupPolicy/GPOOperations/Manifest"><GPOGuid><![CDATA[{CA685671-825A-4ABA-A666-873636ECC64A}]]></GPOGuid><GPODomain><![CDATA[dental.bethesdasedationdentistry.com]]></GPODomain><GPODomainGuid><![CDATA[{6867cea2-0243-401e-a628-a0c4efe4071a}]]></GPODomainGuid><GPODomainController><![CDATA[eagleserver.dental.bethesdasedationdentistry.com]]></GPODomainController><BackupTime><![CDATA[2023-10-27T21:39:52]]></BackupTime><ID><![CDATA[{591183DD-944D-41D9-AA61-4AD3FA096F8E}]]></ID><Comment><![CDATA[EagleSoft endpoint config v21.0.6 -Re-enabled sysmain]]></Comment><GPODisplayName><![CDATA[EagleSoft Endpoint Config v21.0.6]]></GPODisplayName></BackupInst>
