<BackupInst xmlns="http://www.microsoft.com/GroupPolicy/GPOOperations/Manifest"><GPOGuid><![CDATA[{CA685671-825A-4ABA-A666-873636ECC64A}]]></GPOGuid><GPODomain><![CDATA[dental.bethesdasedationdentistry.com]]></GPODomain><GPODomainGuid><![CDATA[{6867cea2-0243-401e-a628-a0c4efe4071a}]]></GPODomainGuid><GPODomainController><![CDATA[eagleserver.dental.bethesdasedationdentistry.com]]></GPODomainController><BackupTime><![CDATA[2023-10-26T14:14:55]]></BackupTime><ID><![CDATA[{D7A7B3AB-DC9D-4D19-AA0E-03970FFEA71C}]]></ID><Comment><![CDATA[EagleSoft Endpoint Config v21.0.2 - Re-enabled Sysmain]]></Comment><GPODisplayName><![CDATA[EagleSoft Endpoint Config v21.0.1]]></GPODisplayName></BackupInst>
