<?xml version="1.0" encoding="utf-8"?><!-- Copyright (c) Microsoft Corporation.  All rights reserved. --><GroupPolicyBackupScheme bkp:version="2.0" bkp:type="GroupPolicyBackupTemplate" xmlns:bkp="http://www.microsoft.com/GroupPolicy/GPOOperations" xmlns="http://www.microsoft.com/GroupPolicy/GPOOperations">
    <GroupPolicyObject><SecurityGroups><Group bkp:Source="FromDACL"><Sid><![CDATA[S-1-5-21-1391270492-1189211789-1866265312-519]]></Sid><SamAccountName><![CDATA[Enterprise Admins]]></SamAccountName><Type><![CDATA[UniversalGroup]]></Type><NetBIOSDomainName><![CDATA[DENTAL]]></NetBIOSDomainName><DnsDomainName><![CDATA[dental.susanhodds.com]]></DnsDomainName><UPN><![CDATA[Enterprise Admins@dental.susanhodds.com]]></UPN></Group><Group bkp:Source="FromDACL"><Sid><![CDATA[S-1-5-21-1391270492-1189211789-1866265312-512]]></Sid><SamAccountName><![CDATA[Domain Admins]]></SamAccountName><Type><![CDATA[GlobalGroup]]></Type><NetBIOSDomainName><![CDATA[DENTAL]]></NetBIOSDomainName><DnsDomainName><![CDATA[dental.susanhodds.com]]></DnsDomainName><UPN><![CDATA[Domain Admins@dental.susanhodds.com]]></UPN></Group></SecurityGroups><FilePaths/><GroupPolicyCoreSettings><ID><![CDATA[{6069C135-AE43-4BF6-9067-5C9D2BFF6A48}]]></ID><Domain><![CDATA[dental.susanhodds.com]]></Domain><SecurityDescriptor>01 00 04 9c 00 00 00 00 00 00 00 00 00 00 00 00 14 00 00 00 04 00 ec 00 08 00 00 00 05 02 28 00 00 01 00 00 01 00 00 00 8f fd ac ed b3 ff d1 11 b4 1d 00 a0 c9 68 f9 39 01 01 00 00 00 00 00 05 0b 00 00 00 00 00 24 00 ff 00 0f 00 01 05 00 00 00 00 00 05 15 00 00 00 5c 1a ed 52 8d ee e1 46 e0 f2 3c 6f 00 02 00 00 00 02 24 00 ff 00 0f 00 01 05 00 00 00 00 00 05 15 00 00 00 5c 1a ed 52 8d ee e1 46 e0 f2 3c 6f 00 02 00 00 00 02 24 00 ff 00 0f 00 01 05 00 00 00 00 00 05 15 00 00 00 5c 1a ed 52 8d ee e1 46 e0 f2 3c 6f 07 02 00 00 00 02 14 00 94 00 02 00 01 01 00 00 00 00 00 05 09 00 00 00 00 02 14 00 94 00 02 00 01 01 00 00 00 00 00 05 0b 00 00 00 00 02 14 00 ff 00 0f 00 01 01 00 00 00 00 00 05 12 00 00 00 00 0a 14 00 ff 00 0f 00 01 01 00 00 00 00 00 03 00 00 00 00</SecurityDescriptor><DisplayName><![CDATA[EagleSoft Endpoint Config v21.0.7]]></DisplayName><Options><![CDATA[0]]></Options><UserVersionNumber><![CDATA[786444]]></UserVersionNumber><MachineVersionNumber><![CDATA[2752554]]></MachineVersionNumber><MachineExtensionGuids><![CDATA[[{00000000-0000-0000-0000-000000000000}{3BAE7E51-E3F4-41D0-853D-9BB9FD47605F}{BEE07A6A-EC9F-4659-B8C9-0B1937907C83}{CC5746A9-9B74-4BE5-AE2E-64379C86E0E4}][{7150F9BF-48AD-4DA4-A49C-29EF4A8369BA}{3BAE7E51-E3F4-41D0-853D-9BB9FD47605F}][{827D319E-6EAC-11D2-A4EA-00C04F79F83A}{803E14A0-B4FB-11D0-A0D0-00A0C90F574B}][{91FBB303-0CD5-4055-BF42-E512A681B325}{CC5746A9-9B74-4BE5-AE2E-64379C86E0E4}][{B087BE9D-ED37-454F-AF9C-04291E351182}{BEE07A6A-EC9F-4659-B8C9-0B1937907C83}]]]></MachineExtensionGuids><UserExtensionGuids><![CDATA[[{00000000-0000-0000-0000-000000000000}{BEE07A6A-EC9F-4659-B8C9-0B1937907C83}][{B087BE9D-ED37-454F-AF9C-04291E351182}{BEE07A6A-EC9F-4659-B8C9-0B1937907C83}]]]></UserExtensionGuids><WMIFilter/></GroupPolicyCoreSettings> 
        <GroupPolicyExtension bkp:ID="{35378EAC-683F-11D2-A89A-00C04FBBCFA2}" bkp:DescName="Registry">
            
            
            <FSObjectFile bkp:Path="%GPO_FSPATH%\Adm\*.*" bkp:SourceExpandedPath="\\server.dental.susanhodds.com\sysvol\dental.susanhodds.com\Policies\{6069C135-AE43-4BF6-9067-5C9D2BFF6A48}\Adm\*.*"/>
        </GroupPolicyExtension>
        
        
        
        
        <GroupPolicyExtension bkp:ID="{827D319E-6EAC-11D2-A4EA-00C04F79F83A}" bkp:DescName="Security">
            <FSObjectFile bkp:Path="%GPO_MACH_FSPATH%\microsoft\windows nt\SecEdit\GptTmpl.inf" bkp:SourceExpandedPath="\\server.dental.susanhodds.com\sysvol\dental.susanhodds.com\Policies\{6069C135-AE43-4BF6-9067-5C9D2BFF6A48}\Machine\microsoft\windows nt\SecEdit\GptTmpl.inf" bkp:ReEvaluateFunction="SecurityValidateSettings" bkp:Location="DomainSysvol\GPO\Machine\microsoft\windows nt\SecEdit\GptTmpl.inf"/>
        </GroupPolicyExtension>
        
        
        
        
    <GroupPolicyExtension bkp:ID="{F15C46CD-82A0-4C2D-A210-5D0D3182A418}" bkp:DescName="Unknown Extension"><FSObjectDir bkp:Path="%GPO_MACH_FSPATH%\microsoft" bkp:SourceExpandedPath="\\server.dental.susanhodds.com\sysvol\dental.susanhodds.com\Policies\{6069C135-AE43-4BF6-9067-5C9D2BFF6A48}\Machine\microsoft" bkp:Location="DomainSysvol\GPO\Machine\microsoft"/><FSObjectDir bkp:Path="%GPO_MACH_FSPATH%\microsoft\windows nt" bkp:SourceExpandedPath="\\server.dental.susanhodds.com\sysvol\dental.susanhodds.com\Policies\{6069C135-AE43-4BF6-9067-5C9D2BFF6A48}\Machine\microsoft\windows nt" bkp:Location="DomainSysvol\GPO\Machine\microsoft\windows nt"/><FSObjectDir bkp:Path="%GPO_MACH_FSPATH%\microsoft\windows nt\SecEdit" bkp:SourceExpandedPath="\\server.dental.susanhodds.com\sysvol\dental.susanhodds.com\Policies\{6069C135-AE43-4BF6-9067-5C9D2BFF6A48}\Machine\microsoft\windows nt\SecEdit" bkp:Location="DomainSysvol\GPO\Machine\microsoft\windows nt\SecEdit"/><FSObjectDir bkp:Path="%GPO_MACH_FSPATH%\Preferences" bkp:SourceExpandedPath="\\server.dental.susanhodds.com\sysvol\dental.susanhodds.com\Policies\{6069C135-AE43-4BF6-9067-5C9D2BFF6A48}\Machine\Preferences" bkp:Location="DomainSysvol\GPO\Machine\Preferences"/><FSObjectDir bkp:Path="%GPO_MACH_FSPATH%\Preferences\Files" bkp:SourceExpandedPath="\\server.dental.susanhodds.com\sysvol\dental.susanhodds.com\Policies\{6069C135-AE43-4BF6-9067-5C9D2BFF6A48}\Machine\Preferences\Files" bkp:Location="DomainSysvol\GPO\Machine\Preferences\Files"/><FSObjectFile bkp:Path="%GPO_MACH_FSPATH%\Preferences\Files\Files.xml" bkp:SourceExpandedPath="\\server.dental.susanhodds.com\sysvol\dental.susanhodds.com\Policies\{6069C135-AE43-4BF6-9067-5C9D2BFF6A48}\Machine\Preferences\Files\Files.xml" bkp:Location="DomainSysvol\GPO\Machine\Preferences\Files\Files.xml"/><FSObjectDir bkp:Path="%GPO_MACH_FSPATH%\Preferences\Registry" bkp:SourceExpandedPath="\\server.dental.susanhodds.com\sysvol\dental.susanhodds.com\Policies\{6069C135-AE43-4BF6-9067-5C9D2BFF6A48}\Machine\Preferences\Registry" bkp:Location="DomainSysvol\GPO\Machine\Preferences\Registry"/><FSObjectFile bkp:Path="%GPO_MACH_FSPATH%\Preferences\Registry\Registry.xml" bkp:SourceExpandedPath="\\server.dental.susanhodds.com\sysvol\dental.susanhodds.com\Policies\{6069C135-AE43-4BF6-9067-5C9D2BFF6A48}\Machine\Preferences\Registry\Registry.xml" bkp:Location="DomainSysvol\GPO\Machine\Preferences\Registry\Registry.xml"/><FSObjectDir bkp:Path="%GPO_MACH_FSPATH%\Preferences\Services" bkp:SourceExpandedPath="\\server.dental.susanhodds.com\sysvol\dental.susanhodds.com\Policies\{6069C135-AE43-4BF6-9067-5C9D2BFF6A48}\Machine\Preferences\Services" bkp:Location="DomainSysvol\GPO\Machine\Preferences\Services"/><FSObjectFile bkp:Path="%GPO_MACH_FSPATH%\Preferences\Services\Services.xml" bkp:SourceExpandedPath="\\server.dental.susanhodds.com\sysvol\dental.susanhodds.com\Policies\{6069C135-AE43-4BF6-9067-5C9D2BFF6A48}\Machine\Preferences\Services\Services.xml" bkp:Location="DomainSysvol\GPO\Machine\Preferences\Services\Services.xml"/><FSObjectDir bkp:Path="%GPO_MACH_FSPATH%\Scripts" bkp:SourceExpandedPath="\\server.dental.susanhodds.com\sysvol\dental.susanhodds.com\Policies\{6069C135-AE43-4BF6-9067-5C9D2BFF6A48}\Machine\Scripts" bkp:Location="DomainSysvol\GPO\Machine\Scripts"/><FSObjectDir bkp:Path="%GPO_MACH_FSPATH%\Scripts\Shutdown" bkp:SourceExpandedPath="\\server.dental.susanhodds.com\sysvol\dental.susanhodds.com\Policies\{6069C135-AE43-4BF6-9067-5C9D2BFF6A48}\Machine\Scripts\Shutdown" bkp:Location="DomainSysvol\GPO\Machine\Scripts\Shutdown"/><FSObjectDir bkp:Path="%GPO_MACH_FSPATH%\Scripts\Startup" bkp:SourceExpandedPath="\\server.dental.susanhodds.com\sysvol\dental.susanhodds.com\Policies\{6069C135-AE43-4BF6-9067-5C9D2BFF6A48}\Machine\Scripts\Startup" bkp:Location="DomainSysvol\GPO\Machine\Scripts\Startup"/><FSObjectDir bkp:Path="%GPO_USER_FSPATH%\Preferences" bkp:SourceExpandedPath="\\server.dental.susanhodds.com\sysvol\dental.susanhodds.com\Policies\{6069C135-AE43-4BF6-9067-5C9D2BFF6A48}\User\Preferences" bkp:Location="DomainSysvol\GPO\User\Preferences"/><FSObjectDir bkp:Path="%GPO_USER_FSPATH%\Preferences\Registry" bkp:SourceExpandedPath="\\server.dental.susanhodds.com\sysvol\dental.susanhodds.com\Policies\{6069C135-AE43-4BF6-9067-5C9D2BFF6A48}\User\Preferences\Registry" bkp:Location="DomainSysvol\GPO\User\Preferences\Registry"/><FSObjectFile bkp:Path="%GPO_USER_FSPATH%\Preferences\Registry\Registry.xml" bkp:SourceExpandedPath="\\server.dental.susanhodds.com\sysvol\dental.susanhodds.com\Policies\{6069C135-AE43-4BF6-9067-5C9D2BFF6A48}\User\Preferences\Registry\Registry.xml" bkp:Location="DomainSysvol\GPO\User\Preferences\Registry\Registry.xml"/></GroupPolicyExtension></GroupPolicyObject>
</GroupPolicyBackupScheme>