<BackupInst xmlns="http://www.microsoft.com/GroupPolicy/GPOOperations/Manifest"><GPOGuid><![CDATA[{6069C135-AE43-4BF6-9067-5C9D2BFF6A48}]]></GPOGuid><GPODomain><![CDATA[dental.susanhodds.com]]></GPODomain><GPODomainGuid><![CDATA[{231c6fff-adf2-4614-9dbf-cd78924ad540}]]></GPODomainGuid><GPODomainController><![CDATA[server.dental.susanhodds.com]]></GPODomainController><BackupTime><![CDATA[2023-11-06T19:32:50]]></BackupTime><ID><![CDATA[{94AA8AC4-F0B3-47AE-81A5-66DEA104DD42}]]></ID><Comment><![CDATA[EagleSoft endpoint configuration for versions 21+.]]></Comment><GPODisplayName><![CDATA[EagleSoft Endpoint Config v21.0.7]]></GPODisplayName></BackupInst>
