<BackupInst xmlns="http://www.microsoft.com/GroupPolicy/GPOOperations/Manifest"><GPOGuid><![CDATA[{CA685671-825A-4ABA-A666-873636ECC64A}]]></GPOGuid><GPODomain><![CDATA[dental.bethesdasedationdentistry.com]]></GPODomain><GPODomainGuid><![CDATA[{6867cea2-0243-401e-a628-a0c4efe4071a}]]></GPODomainGuid><GPODomainController><![CDATA[eagleserver.dental.bethesdasedationdentistry.com]]></GPODomainController><BackupTime><![CDATA[2023-10-27T20:07:39]]></BackupTime><ID><![CDATA[{0F7BDDB0-E373-476A-9D86-AEAE120AC04B}]]></ID><Comment><![CDATA[EagleSoft Endpoint Config v21+ -Added adobe registry keys.]]></Comment><GPODisplayName><![CDATA[EagleSoft Endpoint Config v21.0.4]]></GPODisplayName></BackupInst>
