<?xml version="1.0" encoding="utf-8"?>
<RegistrySettings clsid="{A3CCFC41-DFDB-43a5-8D26-0FE8B954DA51}"><Registry clsid="{9CD4B2F4-923D-47f5-A062-E897DD1DAD50}" name="Adobe ARM" status="Adobe ARM" image="8" changed="2023-10-27 19:30:44" uid="{83EE1CC4-0B25-494E-92B9-E5BBFAEC5056}"><Properties action="D" displayDecimal="0" default="0" hive="HKEY_LOCAL_MACHINE" key="SOFTWARE\Wow6432Node\Microsoft\Windows\CurrentVersion\Run" name="Adobe ARM" type="REG_SZ" value=""/></Registry>
	<Registry clsid="{9CD4B2F4-923D-47f5-A062-E897DD1DAD50}" name="Adobe ARM" status="Adobe ARM" image="8" changed="2023-10-27 19:31:08" uid="{62496E71-417C-40EE-A1CB-AADE3855B488}"><Properties action="D" displayDecimal="0" default="0" hive="HKEY_LOCAL_MACHINE" key="SOFTWARE\Wow6432Node\Microsoft\Windows\CurrentVersion\Run" name="Adobe ARM" type="REG_SZ" value=""/></Registry>
	<Registry clsid="{9CD4B2F4-923D-47f5-A062-E897DD1DAD50}" name="Adobe Reader Speed Launcher" status="Adobe Reader Speed Launcher" image="8" changed="2023-10-27 19:31:28" uid="{D2740D9C-D344-49AB-B752-04D29A014A9E}"><Properties action="D" displayDecimal="0" default="0" hive="HKEY_LOCAL_MACHINE" key="SOFTWARE\Microsoft\Windows\CurrentVersion\Run" name="Adobe Reader Speed Launcher" type="REG_SZ" value=""/></Registry>
	<Registry clsid="{9CD4B2F4-923D-47f5-A062-E897DD1DAD50}" name="Adobe ARM" status="Adobe ARM" image="8" changed="2023-10-27 19:31:47" uid="{C79BA9F2-C482-483B-A8D5-6A546C983F7D}"><Properties action="D" displayDecimal="0" default="0" hive="HKEY_LOCAL_MACHINE" key="SOFTWARE\Microsoft\Windows\CurrentVersion\Run" name="Adobe ARM" type="REG_SZ" value=""/></Registry>
	<Registry clsid="{9CD4B2F4-923D-47f5-A062-E897DD1DAD50}" name="bUpdater" status="bUpdater" image="11" changed="2023-10-27 19:32:13" uid="{FF8EA3E3-BB48-4A71-A049-B5A31831B95E}"><Properties action="R" displayDecimal="1" default="0" hive="HKEY_LOCAL_MACHINE" key="SOFTWARE\Policies\Adobe\Acrobat Reader\8.0\FeatureLockDown" name="bUpdater" type="REG_DWORD" value="00000000"/></Registry>
	<Registry clsid="{9CD4B2F4-923D-47f5-A062-E897DD1DAD50}" name="bUpdater" status="bUpdater" image="11" changed="2023-10-27 19:32:28" uid="{7EA581C1-EBA5-4B61-8EDC-3C0D60A7EDA1}"><Properties action="R" displayDecimal="1" default="0" hive="HKEY_LOCAL_MACHINE" key="SOFTWARE\Policies\Adobe\Acrobat Reader\9.0\FeatureLockDown" name="bUpdater" type="REG_DWORD" value="00000000"/></Registry>
	<Registry clsid="{9CD4B2F4-923D-47f5-A062-E897DD1DAD50}" name="bUpdater" status="bUpdater" image="11" changed="2023-10-27 19:32:33" uid="{9EB5A129-DA20-4305-A566-9E08791E919F}"><Properties action="R" displayDecimal="1" default="0" hive="HKEY_LOCAL_MACHINE" key="SOFTWARE\Policies\Adobe\Acrobat Reader\10.0\FeatureLockDown" name="bUpdater" type="REG_DWORD" value="00000000"/></Registry>
	<Registry clsid="{9CD4B2F4-923D-47f5-A062-E897DD1DAD50}" name="bUpdater" status="bUpdater" image="11" changed="2023-10-27 19:32:37" uid="{AB517B29-7C2D-490B-9739-6F594C97EEC7}"><Properties action="R" displayDecimal="1" default="0" hive="HKEY_LOCAL_MACHINE" key="SOFTWARE\Policies\Adobe\Acrobat Reader\11.0\FeatureLockDown" name="bUpdater" type="REG_DWORD" value="00000000"/></Registry>
	<Registry clsid="{9CD4B2F4-923D-47f5-A062-E897DD1DAD50}" name="bUpdater" status="bUpdater" image="11" changed="2023-10-27 19:32:44" uid="{B4AAE6FA-A923-4DC1-A4CE-8594E2B719D3}"><Properties action="R" displayDecimal="1" default="0" hive="HKEY_LOCAL_MACHINE" key="SOFTWARE\Policies\Adobe\Acrobat Reader\DC\FeatureLockDown" name="bUpdater" type="REG_DWORD" value="00000000"/></Registry>
</RegistrySettings>
