<?xml version="1.0" encoding="utf-8"?><!-- Copyright (c) Microsoft Corporation.  All rights reserved. --><GroupPolicyBackupScheme bkp:version="2.0" bkp:type="GroupPolicyBackupTemplate" xmlns:bkp="http://www.microsoft.com/GroupPolicy/GPOOperations" xmlns="http://www.microsoft.com/GroupPolicy/GPOOperations">
    <GroupPolicyObject><SecurityGroups><Group bkp:Source="FromDACL"><Sid><![CDATA[S-1-5-21-1193403567-856530103-1844196054-519]]></Sid><SamAccountName><![CDATA[Enterprise Admins]]></SamAccountName><Type><![CDATA[UniversalGroup]]></Type><NetBIOSDomainName><![CDATA[DENTAL]]></NetBIOSDomainName><DnsDomainName><![CDATA[dental.bethesdasedationdentistry.com]]></DnsDomainName><UPN><![CDATA[Enterprise Admins@dental.bethesdasedationdentistry.com]]></UPN></Group><Group bkp:Source="FromDACL"><Sid><![CDATA[S-1-5-21-1193403567-856530103-1844196054-512]]></Sid><SamAccountName><![CDATA[Domain Admins]]></SamAccountName><Type><![CDATA[GlobalGroup]]></Type><NetBIOSDomainName><![CDATA[DENTAL]]></NetBIOSDomainName><DnsDomainName><![CDATA[dental.bethesdasedationdentistry.com]]></DnsDomainName><UPN><![CDATA[Domain Admins@dental.bethesdasedationdentistry.com]]></UPN></Group></SecurityGroups><FilePaths/><GroupPolicyCoreSettings><ID><![CDATA[{CA685671-825A-4ABA-A666-873636ECC64A}]]></ID><Domain><![CDATA[dental.bethesdasedationdentistry.com]]></Domain><SecurityDescriptor>01 00 04 9c 00 00 00 00 00 00 00 00 00 00 00 00 14 00 00 00 04 00 ec 00 08 00 00 00 05 02 28 00 00 01 00 00 01 00 00 00 8f fd ac ed b3 ff d1 11 b4 1d 00 a0 c9 68 f9 39 01 01 00 00 00 00 00 05 0b 00 00 00 00 00 24 00 ff 00 0f 00 01 05 00 00 00 00 00 05 15 00 00 00 af e4 21 47 b7 9c 0d 33 d6 32 ec 6d 00 02 00 00 00 02 24 00 ff 00 0f 00 01 05 00 00 00 00 00 05 15 00 00 00 af e4 21 47 b7 9c 0d 33 d6 32 ec 6d 00 02 00 00 00 02 24 00 ff 00 0f 00 01 05 00 00 00 00 00 05 15 00 00 00 af e4 21 47 b7 9c 0d 33 d6 32 ec 6d 07 02 00 00 00 02 14 00 94 00 02 00 01 01 00 00 00 00 00 05 09 00 00 00 00 02 14 00 94 00 02 00 01 01 00 00 00 00 00 05 0b 00 00 00 00 02 14 00 ff 00 0f 00 01 01 00 00 00 00 00 05 12 00 00 00 00 0a 14 00 ff 00 0f 00 01 01 00 00 00 00 00 03 00 00 00 00</SecurityDescriptor><DisplayName><![CDATA[EagleSoft Endpoint Config v21.0.3]]></DisplayName><Options><![CDATA[0]]></Options><UserVersionNumber><![CDATA[1310740]]></UserVersionNumber><MachineVersionNumber><![CDATA[3407924]]></MachineVersionNumber><MachineExtensionGuids><![CDATA[[{00000000-0000-0000-0000-000000000000}{CC5746A9-9B74-4BE5-AE2E-64379C86E0E4}][{827D319E-6EAC-11D2-A4EA-00C04F79F83A}{803E14A0-B4FB-11D0-A0D0-00A0C90F574B}][{91FBB303-0CD5-4055-BF42-E512A681B325}{CC5746A9-9B74-4BE5-AE2E-64379C86E0E4}]]]></MachineExtensionGuids><UserExtensionGuids><![CDATA[[{00000000-0000-0000-0000-000000000000}{BEE07A6A-EC9F-4659-B8C9-0B1937907C83}][{B087BE9D-ED37-454F-AF9C-04291E351182}{BEE07A6A-EC9F-4659-B8C9-0B1937907C83}]]]></UserExtensionGuids><WMIFilter/></GroupPolicyCoreSettings> 
        <GroupPolicyExtension bkp:ID="{35378EAC-683F-11D2-A89A-00C04FBBCFA2}" bkp:DescName="Registry">
            
            
            <FSObjectFile bkp:Path="%GPO_FSPATH%\Adm\*.*" bkp:SourceExpandedPath="\\eagleserver.dental.bethesdasedationdentistry.com\sysvol\dental.bethesdasedationdentistry.com\Policies\{CA685671-825A-4ABA-A666-873636ECC64A}\Adm\*.*"/>
        </GroupPolicyExtension>
        
        
        
        
        <GroupPolicyExtension bkp:ID="{827D319E-6EAC-11D2-A4EA-00C04F79F83A}" bkp:DescName="Security">
            <FSObjectFile bkp:Path="%GPO_MACH_FSPATH%\microsoft\windows nt\SecEdit\GptTmpl.inf" bkp:SourceExpandedPath="\\eagleserver.dental.bethesdasedationdentistry.com\sysvol\dental.bethesdasedationdentistry.com\Policies\{CA685671-825A-4ABA-A666-873636ECC64A}\Machine\microsoft\windows nt\SecEdit\GptTmpl.inf" bkp:ReEvaluateFunction="SecurityValidateSettings" bkp:Location="DomainSysvol\GPO\Machine\microsoft\windows nt\SecEdit\GptTmpl.inf"/>
        </GroupPolicyExtension>
        
        
        
        
    <GroupPolicyExtension bkp:ID="{F15C46CD-82A0-4C2D-A210-5D0D3182A418}" bkp:DescName="Unknown Extension"><FSObjectDir bkp:Path="%GPO_MACH_FSPATH%\Microsoft" bkp:SourceExpandedPath="\\eagleserver.dental.bethesdasedationdentistry.com\sysvol\dental.bethesdasedationdentistry.com\Policies\{CA685671-825A-4ABA-A666-873636ECC64A}\Machine\Microsoft" bkp:Location="DomainSysvol\GPO\Machine\Microsoft"/><FSObjectDir bkp:Path="%GPO_MACH_FSPATH%\Microsoft\Windows NT" bkp:SourceExpandedPath="\\eagleserver.dental.bethesdasedationdentistry.com\sysvol\dental.bethesdasedationdentistry.com\Policies\{CA685671-825A-4ABA-A666-873636ECC64A}\Machine\Microsoft\Windows NT" bkp:Location="DomainSysvol\GPO\Machine\Microsoft\Windows NT"/><FSObjectDir bkp:Path="%GPO_MACH_FSPATH%\Microsoft\Windows NT\SecEdit" bkp:SourceExpandedPath="\\eagleserver.dental.bethesdasedationdentistry.com\sysvol\dental.bethesdasedationdentistry.com\Policies\{CA685671-825A-4ABA-A666-873636ECC64A}\Machine\Microsoft\Windows NT\SecEdit" bkp:Location="DomainSysvol\GPO\Machine\Microsoft\Windows NT\SecEdit"/><FSObjectDir bkp:Path="%GPO_MACH_FSPATH%\Preferences" bkp:SourceExpandedPath="\\eagleserver.dental.bethesdasedationdentistry.com\sysvol\dental.bethesdasedationdentistry.com\Policies\{CA685671-825A-4ABA-A666-873636ECC64A}\Machine\Preferences" bkp:Location="DomainSysvol\GPO\Machine\Preferences"/><FSObjectDir bkp:Path="%GPO_MACH_FSPATH%\Preferences\Services" bkp:SourceExpandedPath="\\eagleserver.dental.bethesdasedationdentistry.com\sysvol\dental.bethesdasedationdentistry.com\Policies\{CA685671-825A-4ABA-A666-873636ECC64A}\Machine\Preferences\Services" bkp:Location="DomainSysvol\GPO\Machine\Preferences\Services"/><FSObjectFile bkp:Path="%GPO_MACH_FSPATH%\Preferences\Services\Services.xml" bkp:SourceExpandedPath="\\eagleserver.dental.bethesdasedationdentistry.com\sysvol\dental.bethesdasedationdentistry.com\Policies\{CA685671-825A-4ABA-A666-873636ECC64A}\Machine\Preferences\Services\Services.xml" bkp:Location="DomainSysvol\GPO\Machine\Preferences\Services\Services.xml"/><FSObjectDir bkp:Path="%GPO_MACH_FSPATH%\Scripts" bkp:SourceExpandedPath="\\eagleserver.dental.bethesdasedationdentistry.com\sysvol\dental.bethesdasedationdentistry.com\Policies\{CA685671-825A-4ABA-A666-873636ECC64A}\Machine\Scripts" bkp:Location="DomainSysvol\GPO\Machine\Scripts"/><FSObjectDir bkp:Path="%GPO_MACH_FSPATH%\Scripts\Shutdown" bkp:SourceExpandedPath="\\eagleserver.dental.bethesdasedationdentistry.com\sysvol\dental.bethesdasedationdentistry.com\Policies\{CA685671-825A-4ABA-A666-873636ECC64A}\Machine\Scripts\Shutdown" bkp:Location="DomainSysvol\GPO\Machine\Scripts\Shutdown"/><FSObjectDir bkp:Path="%GPO_MACH_FSPATH%\Scripts\Startup" bkp:SourceExpandedPath="\\eagleserver.dental.bethesdasedationdentistry.com\sysvol\dental.bethesdasedationdentistry.com\Policies\{CA685671-825A-4ABA-A666-873636ECC64A}\Machine\Scripts\Startup" bkp:Location="DomainSysvol\GPO\Machine\Scripts\Startup"/><FSObjectDir bkp:Path="%GPO_USER_FSPATH%\Preferences" bkp:SourceExpandedPath="\\eagleserver.dental.bethesdasedationdentistry.com\sysvol\dental.bethesdasedationdentistry.com\Policies\{CA685671-825A-4ABA-A666-873636ECC64A}\User\Preferences" bkp:Location="DomainSysvol\GPO\User\Preferences"/><FSObjectDir bkp:Path="%GPO_USER_FSPATH%\Preferences\Registry" bkp:SourceExpandedPath="\\eagleserver.dental.bethesdasedationdentistry.com\sysvol\dental.bethesdasedationdentistry.com\Policies\{CA685671-825A-4ABA-A666-873636ECC64A}\User\Preferences\Registry" bkp:Location="DomainSysvol\GPO\User\Preferences\Registry"/><FSObjectFile bkp:Path="%GPO_USER_FSPATH%\Preferences\Registry\Registry.xml" bkp:SourceExpandedPath="\\eagleserver.dental.bethesdasedationdentistry.com\sysvol\dental.bethesdasedationdentistry.com\Policies\{CA685671-825A-4ABA-A666-873636ECC64A}\User\Preferences\Registry\Registry.xml" bkp:Location="DomainSysvol\GPO\User\Preferences\Registry\Registry.xml"/></GroupPolicyExtension></GroupPolicyObject>
</GroupPolicyBackupScheme>