<Backups xmlns="http://www.microsoft.com/GroupPolicy/GPOOperations/Manifest" xmlns:mfst="http://www.microsoft.com/GroupPolicy/GPOOperations/Manifest" mfst:version="1.0"><BackupInst><GPOGuid><![CDATA[{CA685671-825A-4ABA-A666-873636ECC64A}]]></GPOGuid><GPODomain><![CDATA[dental.bethesdasedationdentistry.com]]></GPODomain><GPODomainGuid><![CDATA[{6867cea2-0243-401e-a628-a0c4efe4071a}]]></GPODomainGuid><GPODomainController><![CDATA[eagleserver.dental.bethesdasedationdentistry.com]]></GPODomainController><BackupTime><![CDATA[2023-10-27T20:15:15]]></BackupTime><ID><![CDATA[{F1501006-5D76-4D0E-967F-89582291D600}]]></ID><Comment><![CDATA[EagleSoft Endpoint config v21+ -Added making machine.config in .NET 4 folder read-only.]]></Comment><GPODisplayName><![CDATA[EagleSoft Endpoint Config v21.0.5]]></GPODisplayName></BackupInst><BackupInst><GPOGuid><![CDATA[{CA685671-825A-4ABA-A666-873636ECC64A}]]></GPOGuid><GPODomain><![CDATA[dental.bethesdasedationdentistry.com]]></GPODomain><GPODomainGuid><![CDATA[{6867cea2-0243-401e-a628-a0c4efe4071a}]]></GPODomainGuid><GPODomainController><![CDATA[eagleserver.dental.bethesdasedationdentistry.com]]></GPODomainController><BackupTime><![CDATA[2023-10-27T20:07:39]]></BackupTime><ID><![CDATA[{0F7BDDB0-E373-476A-9D86-AEAE120AC04B}]]></ID><Comment><![CDATA[EagleSoft Endpoint Config v21+ -Added adobe registry keys.]]></Comment><GPODisplayName><![CDATA[EagleSoft Endpoint Config v21.0.4]]></GPODisplayName></BackupInst><BackupInst><GPOGuid><![CDATA[{CA685671-825A-4ABA-A666-873636ECC64A}]]></GPOGuid><GPODomain><![CDATA[dental.bethesdasedationdentistry.com]]></GPODomain><GPODomainGuid><![CDATA[{6867cea2-0243-401e-a628-a0c4efe4071a}]]></GPODomainGuid><GPODomainController><![CDATA[eagleserver.dental.bethesdasedationdentistry.com]]></GPODomainController><BackupTime><![CDATA[2023-10-26T14:32:56]]></BackupTime><ID><![CDATA[{C6CA255A-2BF3-44AF-9FAD-31E4714DA433}]]></ID><Comment><![CDATA[EagleSoft Endpoint Config v21 - Added Outlook & Word muliti-display compability mode]]></Comment><GPODisplayName><![CDATA[EagleSoft Endpoint Config v21.0.3]]></GPODisplayName></BackupInst><BackupInst><GPOGuid><![CDATA[{CA685671-825A-4ABA-A666-873636ECC64A}]]></GPOGuid><GPODomain><![CDATA[dental.bethesdasedationdentistry.com]]></GPODomain><GPODomainGuid><![CDATA[{6867cea2-0243-401e-a628-a0c4efe4071a}]]></GPODomainGuid><GPODomainController><![CDATA[eagleserver.dental.bethesdasedationdentistry.com]]></GPODomainController><BackupTime><![CDATA[2023-10-26T14:14:55]]></BackupTime><ID><![CDATA[{D7A7B3AB-DC9D-4D19-AA0E-03970FFEA71C}]]></ID><Comment><![CDATA[EagleSoft Endpoint Config v21.0.2 - Re-enabled Sysmain]]></Comment><GPODisplayName><![CDATA[EagleSoft Endpoint Config v21.0.1]]></GPODisplayName></BackupInst><BackupInst><GPOGuid><![CDATA[{CA685671-825A-4ABA-A666-873636ECC64A}]]></GPOGuid><GPODomain><![CDATA[dental.bethesdasedationdentistry.com]]></GPODomain><GPODomainGuid><![CDATA[{6867cea2-0243-401e-a628-a0c4efe4071a}]]></GPODomainGuid><GPODomainController><![CDATA[eagleserver.dental.bethesdasedationdentistry.com]]></GPODomainController><BackupTime><![CDATA[2023-10-25T14:04:58]]></BackupTime><ID><![CDATA[{E7F407A0-281B-429A-A017-2F502F20B5B4}]]></ID><Comment><![CDATA[EagleSoft Endpoint Config v21+]]></Comment><GPODisplayName><![CDATA[EagleSoft Endpoint Config v21+]]></GPODisplayName></BackupInst></Backups>