<BackupInst xmlns="http://www.microsoft.com/GroupPolicy/GPOOperations/Manifest"><GPOGuid><![CDATA[{CA685671-825A-4ABA-A666-873636ECC64A}]]></GPOGuid><GPODomain><![CDATA[dental.bethesdasedationdentistry.com]]></GPODomain><GPODomainGuid><![CDATA[{6867cea2-0243-401e-a628-a0c4efe4071a}]]></GPODomainGuid><GPODomainController><![CDATA[eagleserver.dental.bethesdasedationdentistry.com]]></GPODomainController><BackupTime><![CDATA[2023-10-27T20:15:15]]></BackupTime><ID><![CDATA[{F1501006-5D76-4D0E-967F-89582291D600}]]></ID><Comment><![CDATA[EagleSoft Endpoint config v21+ -Added making machine.config in .NET 4 folder read-only.]]></Comment><GPODisplayName><![CDATA[EagleSoft Endpoint Config v21.0.5]]></GPODisplayName></BackupInst>
