<?xml version="1.0" encoding="utf-8"?>
<RegistrySettings clsid="{A3CCFC41-DFDB-43a5-8D26-0FE8B954DA51}"><Registry clsid="{9CD4B2F4-923D-47f5-A062-E897DD1DAD50}" name="RenderForMonitorDpi" status="RenderForMonitorDpi" image="11" changed="2023-10-26 14:28:51" uid="{CF0B32A6-908D-4F6F-9D8A-0D27013ABB9F}"><Properties action="R" displayDecimal="1" default="0" hive="HKEY_CURRENT_USER" key="Software\Microsoft\Office\16.0\Word\Options" name="RenderForMonitorDpi" type="REG_DWORD" value="00000000"/></Registry>
	<Registry clsid="{9CD4B2F4-923D-47f5-A062-E897DD1DAD50}" name="RenderForMonitorDpi" status="RenderForMonitorDpi" image="11" changed="2023-10-26 14:29:21" uid="{796FA937-6233-4E59-9924-F98DAD0C1718}"><Properties action="R" displayDecimal="1" default="0" hive="HKEY_CURRENT_USER" key="Software\Microsoft\Office\16.0\Outlook\Options" name="RenderForMonitorDpi" type="REG_DWORD" value="00000000"/></Registry>
	<Registry clsid="{9CD4B2F4-923D-47f5-A062-E897DD1DAD50}" name="RenderForMonitorDpi" status="RenderForMonitorDpi" image="11" changed="2023-10-26 14:29:42" uid="{DB3F88B6-9DE0-491F-8FD6-A5668CAE85DA}"><Properties action="R" displayDecimal="1" default="0" hive="HKEY_CURRENT_USER" key="Software\Microsoft\Office\15.0\Word\Options" name="RenderForMonitorDpi" type="REG_DWORD" value="00000000"/></Registry>
	<Registry clsid="{9CD4B2F4-923D-47f5-A062-E897DD1DAD50}" name="RenderForMonitorDpi" status="RenderForMonitorDpi" image="11" changed="2023-10-26 14:30:46" uid="{5D51CE95-7387-4B33-BDFC-83FA895C15D2}"><Properties action="R" displayDecimal="1" default="0" hive="HKEY_CURRENT_USER" key="Software\Microsoft\Office\15.0\Outlook\Options" name="RenderForMonitorDpi" type="REG_DWORD" value="00000000"/></Registry>
	<Registry clsid="{9CD4B2F4-923D-47f5-A062-E897DD1DAD50}" name="RenderForMonitorDpi" status="RenderForMonitorDpi" image="11" changed="2023-11-04 02:47:09" uid="{839B9B01-EDC1-42AA-B65F-8F13D85D7F73}"><Properties action="R" displayDecimal="1" default="0" hive="HKEY_CURRENT_USER" key="Software\Microsoft\Office\16.0\Excel\Options" name="RenderForMonitorDpi" type="REG_DWORD" value="00000000"/></Registry>
	<Registry clsid="{9CD4B2F4-923D-47f5-A062-E897DD1DAD50}" name="RenderForMonitorDpi" status="RenderForMonitorDpi" image="11" changed="2023-11-04 02:47:19" uid="{8AF62631-6340-4C48-B1C0-D95163E72176}"><Properties action="R" displayDecimal="1" default="0" hive="HKEY_CURRENT_USER" key="Software\Microsoft\Office\15.0\Excel\Options" name="RenderForMonitorDpi" type="REG_DWORD" value="00000000"/></Registry>
</RegistrySettings>
