<BackupInst xmlns="http://www.microsoft.com/GroupPolicy/GPOOperations/Manifest"><GPOGuid><![CDATA[{CA685671-825A-4ABA-A666-873636ECC64A}]]></GPOGuid><GPODomain><![CDATA[dental.bethesdasedationdentistry.com]]></GPODomain><GPODomainGuid><![CDATA[{6867cea2-0243-401e-a628-a0c4efe4071a}]]></GPODomainGuid><GPODomainController><![CDATA[eagleserver.dental.bethesdasedationdentistry.com]]></GPODomainController><BackupTime><![CDATA[2023-10-26T14:32:56]]></BackupTime><ID><![CDATA[{C6CA255A-2BF3-44AF-9FAD-31E4714DA433}]]></ID><Comment><![CDATA[EagleSoft Endpoint Config v21 - Added Outlook & Word muliti-display compability mode]]></Comment><GPODisplayName><![CDATA[EagleSoft Endpoint Config v21.0.3]]></GPODisplayName></BackupInst>
